id,dc.identifier.uri,dc.identifier[en_US],dc.relation.ispartofseries[en_US]
23788,http://hdl.handle.net/10315/23060,ASC14810,Toronto Telegram||Hallowe'en
23789,http://hdl.handle.net/10315/23061,ASC14811,Toronto Telegram||Hallowe'en
23790,http://hdl.handle.net/10315/23062,ASC14812,Toronto Telegram||Hallowe'en
23791,http://hdl.handle.net/10315/23063,ASC14813,Toronto Telegram||Hallowe'en
23792,http://hdl.handle.net/10315/23064,ASC14814,Toronto Telegram||Hallowe'en
23793,http://hdl.handle.net/10315/23065,ASC14815,Toronto Telegram||Hallowe'en
23794,http://hdl.handle.net/10315/23066,ASC14816,Toronto Telegram||Hallowe'en
23795,http://hdl.handle.net/10315/23067,ASC14817,Toronto Telegram||Hallowe'en
23796,http://hdl.handle.net/10315/23068,ASC14818,Toronto Telegram||Hallowe'en
23797,http://hdl.handle.net/10315/23069,ASC14819,Toronto Telegram||Hallowe'en
23798,http://hdl.handle.net/10315/23070,ASC14820,Toronto Telegram||Hallowe'en
23799,http://hdl.handle.net/10315/23071,ASC14821,Toronto Telegram||Hallowe'en
23800,http://hdl.handle.net/10315/23072,ASC14822,Toronto Telegram||Hallowe'en
23801,http://hdl.handle.net/10315/23073,ASC14823,Toronto Telegram||Hallowe'en
23802,http://hdl.handle.net/10315/23074,ASC14824,Toronto Telegram||Hallowe'en
23803,http://hdl.handle.net/10315/23075,ASC14825,Toronto Telegram||Hallowe'en
23804,http://hdl.handle.net/10315/23076,ASC14826,Toronto Telegram||Hallowe'en
23805,http://hdl.handle.net/10315/23077,ASC14827,Toronto Telegram||Hallowe'en
23806,http://hdl.handle.net/10315/23078,ASC14828,Toronto Telegram||Hallowe'en
23807,http://hdl.handle.net/10315/23079,ASC14829,Toronto Telegram||Hallowe'en
23808,http://hdl.handle.net/10315/23080,ASC14830,Toronto Telegram||Hallowe'en
23809,http://hdl.handle.net/10315/23081,ASC14831,Toronto Telegram||Hallowe'en
23810,http://hdl.handle.net/10315/23082,ASC14832,Toronto Telegram||Hallowe'en
23811,http://hdl.handle.net/10315/23083,ASC14833,Toronto Telegram||Hallowe'en
23812,http://hdl.handle.net/10315/23084,ASC14834,Toronto Telegram||Hallowe'en
23813,http://hdl.handle.net/10315/23085,ASC14835,Toronto Telegram||Hallowe'en
23814,http://hdl.handle.net/10315/23086,ASC14836,Toronto Telegram||Hallowe'en
23815,http://hdl.handle.net/10315/23087,ASC14837,Toronto Telegram||Hallowe'en
23816,http://hdl.handle.net/10315/23088,ASC14838,Toronto Telegram||Hallowe'en
23817,http://hdl.handle.net/10315/23089,ASC14839,Toronto Telegram||Hallowe'en
23818,http://hdl.handle.net/10315/23090,ASC14840,Toronto Telegram||Hallowe'en
23819,http://hdl.handle.net/10315/23091,ASC14841,Toronto Telegram||Hallowe'en
23820,http://hdl.handle.net/10315/23092,ASC14842,Toronto Telegram||Hallowe'en
23821,http://hdl.handle.net/10315/23093,ASC14843,Toronto Telegram||Hallowe'en
23822,http://hdl.handle.net/10315/23094,ASC14844,Toronto Telegram||Hallowe'en
23823,http://hdl.handle.net/10315/23095,ASC14845,Toronto Telegram||Hallowe'en
23824,http://hdl.handle.net/10315/23096,ASC14846,Toronto Telegram||Hallowe'en
23825,http://hdl.handle.net/10315/23097,ASC14847,Toronto Telegram||Hallowe'en
23826,http://hdl.handle.net/10315/23098,ASC14848,Toronto Telegram||Hallowe'en
23827,http://hdl.handle.net/10315/23099,ASC14849,Toronto Telegram||Hallowe'en
23828,http://hdl.handle.net/10315/23100,ASC14850,Toronto Telegram||Hallowe'en
23829,http://hdl.handle.net/10315/23101,ASC14851,Toronto Telegram||Hallowe'en
23830,http://hdl.handle.net/10315/23102,ASC14852,Toronto Telegram||Hallowe'en
23831,http://hdl.handle.net/10315/23103,ASC14853,Toronto Telegram||Hallowe'en
23832,http://hdl.handle.net/10315/23104,ASC14854,Toronto Telegram||Hallowe'en
23833,http://hdl.handle.net/10315/23105,ASC14855,Toronto Telegram||Hallowe'en
23834,http://hdl.handle.net/10315/23106,ASC14856,Toronto Telegram||Hallowe'en
23835,http://hdl.handle.net/10315/23107,ASC14857,Toronto Telegram||Hallowe'en
23836,http://hdl.handle.net/10315/23108,ASC14858,Toronto Telegram||Hallowe'en
23837,http://hdl.handle.net/10315/23109,ASC14859,Toronto Telegram||Hallowe'en
23838,http://hdl.handle.net/10315/23110,ASC14860,Toronto Telegram||Hallowe'en
23839,http://hdl.handle.net/10315/23111,ASC14861,Toronto Telegram||Hallowe'en
23840,http://hdl.handle.net/10315/23112,ASC14862,Toronto Telegram||Hallowe'en
23841,http://hdl.handle.net/10315/23113,ASC14863,Toronto Telegram||Hallowe'en
23842,http://hdl.handle.net/10315/23114,ASC14864,Toronto Telegram||Hallowe'en
23843,http://hdl.handle.net/10315/23115,ASC14865,Toronto Telegram||Hallowe'en
23844,http://hdl.handle.net/10315/23116,ASC14866,Toronto Telegram||Hallowe'en
23845,http://hdl.handle.net/10315/23117,ASC14867,Toronto Telegram||Hallowe'en||Toronto
23846,http://hdl.handle.net/10315/23118,ASC14868,Toronto Telegram||Hallowe'en||Toronto
23847,http://hdl.handle.net/10315/23119,ASC14869,Toronto Telegram||Hallowe'en||Toronto
23848,http://hdl.handle.net/10315/23120,ASC14870,Toronto Telegram||Hallowe'en||Toronto
23849,http://hdl.handle.net/10315/23121,ASC14871,Toronto Telegram||Hallowe'en||Toronto
23850,http://hdl.handle.net/10315/23122,ASC14872,Toronto Telegram||Hallowe'en||Toronto
23851,http://hdl.handle.net/10315/23123,ASC14873,Toronto Telegram||Hallowe'en||Toronto
23852,http://hdl.handle.net/10315/23124,ASC14874,Toronto Telegram||Hallowe'en||Toronto
23853,http://hdl.handle.net/10315/23125,ASC14875,Toronto Telegram||Hallowe'en||Toronto
23854,http://hdl.handle.net/10315/23126,ASC14876,Toronto Telegram||Hallowe'en
23855,http://hdl.handle.net/10315/23127,ASC14877,Toronto Telegram||Hallowe'en
23856,http://hdl.handle.net/10315/23128,ASC14878,Toronto Telegram||Hallowe'en
23857,http://hdl.handle.net/10315/23129,ASC14879,Toronto Telegram||Hallowe'en
23858,http://hdl.handle.net/10315/23130,ASC14880,Toronto Telegram||Hallowe'en
23859,http://hdl.handle.net/10315/23131,ASC14881,Toronto Telegram||Hallowe'en
23860,http://hdl.handle.net/10315/23132,ASC14882,Toronto Telegram||Hallowe'en
23861,http://hdl.handle.net/10315/23133,ASC14883,Toronto Telegram||Hallowe'en
23862,http://hdl.handle.net/10315/23134,ASC14884,Toronto Telegram||Hallowe'en
23863,http://hdl.handle.net/10315/23135,ASC14885,Toronto Telegram||Hallowe'en
23864,http://hdl.handle.net/10315/23136,ASC14886,Toronto Telegram||Hallowe'en
23865,http://hdl.handle.net/10315/23137,ASC14887,Toronto Telegram||Hallowe'en
23866,http://hdl.handle.net/10315/23138,ASC14888,Toronto Telegram||Hallowe'en
23867,http://hdl.handle.net/10315/23139,ASC14889,Toronto Telegram||Hallowe'en
23868,http://hdl.handle.net/10315/23140,ASC14890,Toronto Telegram||Hallowe'en
23869,http://hdl.handle.net/10315/23141,ASC14891,Toronto Telegram||Hallowe'en
23870,http://hdl.handle.net/10315/23142,ASC14892,Toronto Telegram||Hallowe'en
23871,http://hdl.handle.net/10315/23143,ASC14893,Toronto Telegram||Hallowe'en
23872,http://hdl.handle.net/10315/23144,ASC14894,Toronto Telegram||Hallowe'en
23873,http://hdl.handle.net/10315/23145,ASC14895,Toronto Telegram||Hallowe'en
23874,http://hdl.handle.net/10315/23146,ASC14896,Toronto Telegram||Hallowe'en
23875,http://hdl.handle.net/10315/23147,ASC14897,Toronto Telegram||Hallowe'en
23876,http://hdl.handle.net/10315/23148,ASC14898,Toronto Telegram||Hallowe'en
23877,http://hdl.handle.net/10315/23149,ASC14899,Toronto Telegram||Hallowe'en
23878,http://hdl.handle.net/10315/23150,ASC14900,Toronto Telegram||Hallowe'en
23879,http://hdl.handle.net/10315/23151,ASC14901,Toronto Telegram||Hallowe'en
23880,http://hdl.handle.net/10315/23152,ASC14902,Toronto Telegram||Hallowe'en
23881,http://hdl.handle.net/10315/23153,ASC14903,Toronto Telegram||Hallowe'en
23882,http://hdl.handle.net/10315/23154,ASC14904,Toronto Telegram||Hallowe'en
23883,http://hdl.handle.net/10315/23155,ASC14905,Toronto Telegram||Hallowe'en
23884,http://hdl.handle.net/10315/23156,ASC14906,Toronto Telegram||Hallowe'en
23885,http://hdl.handle.net/10315/23157,ASC14907,Toronto Telegram||Hallowe'en
23886,http://hdl.handle.net/10315/23158,ASC14908,Toronto Telegram||Hallowe'en
23887,http://hdl.handle.net/10315/23159,ASC14909,Toronto Telegram||Hallowe'en
23888,http://hdl.handle.net/10315/23160,ASC14910,Toronto Telegram||Hallowe'en
23889,http://hdl.handle.net/10315/23161,ASC14911,Toronto Telegram||Hallowe'en
23890,http://hdl.handle.net/10315/23162,ASC14912,Toronto Telegram||Hallowe'en
23891,http://hdl.handle.net/10315/23163,ASC14913,Toronto Telegram||Hallowe'en
23892,http://hdl.handle.net/10315/23164,ASC14914,Toronto Telegram||Hallowe'en
23893,http://hdl.handle.net/10315/23165,ASC14915,Toronto Telegram||Hallowe'en
23894,http://hdl.handle.net/10315/23166,ASC14916,Toronto Telegram||Hallowe'en
23895,http://hdl.handle.net/10315/23167,ASC14917,Toronto Telegram||Hallowe'en
23896,http://hdl.handle.net/10315/23168,ASC14918,Toronto Telegram||Hallowe'en
23897,http://hdl.handle.net/10315/23169,ASC14919,Toronto Telegram||Hallowe'en
23898,http://hdl.handle.net/10315/23170,ASC14920,Toronto Telegram||Hallowe'en
23899,http://hdl.handle.net/10315/23171,ASC14921,Toronto Telegram||Hallowe'en
23900,http://hdl.handle.net/10315/23172,ASC14922,Toronto Telegram||Hallowe'en
23901,http://hdl.handle.net/10315/23173,ASC14923,Toronto Telegram||Hallowe'en
23902,http://hdl.handle.net/10315/23174,ASC14935,Toronto Telegram||Hallowe'en
23903,http://hdl.handle.net/10315/23175,ASC14936,Toronto Telegram||Hallowe'en
23904,http://hdl.handle.net/10315/23176,ASC14937,Toronto Telegram||Hallowe'en
23905,http://hdl.handle.net/10315/23177,ASC14938,Toronto Telegram||Hallowe'en
23906,http://hdl.handle.net/10315/23178,ASC14939,Toronto Telegram||Hallowe'en
23907,http://hdl.handle.net/10315/23179,ASC14940,Toronto Telegram||Hallowe'en
23908,http://hdl.handle.net/10315/23180,ASC14941,Toronto Telegram||Hallowe'en
23909,http://hdl.handle.net/10315/23181,ASC14942,Toronto Telegram||Hallowe'en
23910,http://hdl.handle.net/10315/23182,ASC14943,Toronto Telegram||Hallowe'en
23911,http://hdl.handle.net/10315/23183,ASC14944,Toronto Telegram||Hallowe'en
23912,http://hdl.handle.net/10315/23184,ASC14945,Toronto Telegram||Hallowe'en
23913,http://hdl.handle.net/10315/23185,ASC14946,Toronto Telegram||Hallowe'en
23914,http://hdl.handle.net/10315/23186,ASC14947,Toronto Telegram||Hallowe'en
23915,http://hdl.handle.net/10315/23187,ASC14948,Toronto Telegram||Hallowe'en
23916,http://hdl.handle.net/10315/23188,ASC14949,Toronto Telegram||Hallowe'en
23917,http://hdl.handle.net/10315/23189,ASC14950,Toronto Telegram||Hallowe'en
23918,http://hdl.handle.net/10315/23190,ASC14951,Toronto Telegram||Hallowe'en
23919,http://hdl.handle.net/10315/23191,ASC14952,Toronto Telegram||Hallowe'en
23920,http://hdl.handle.net/10315/23192,ASC14953,Toronto Telegram||Hallowe'en
23921,http://hdl.handle.net/10315/23193,ASC14954,Toronto Telegram||Hallowe'en
23922,http://hdl.handle.net/10315/23194,ASC14955,Toronto Telegram||Hallowe'en
23923,http://hdl.handle.net/10315/23195,ASC14956,Toronto Telegram||Hallowe'en
23924,http://hdl.handle.net/10315/23196,ASC14957,Toronto Telegram||Hallowe'en
23925,http://hdl.handle.net/10315/23197,ASC14958,Toronto Telegram||Hallowe'en
23926,http://hdl.handle.net/10315/23198,ASC14959,Toronto Telegram||Hallowe'en
23927,http://hdl.handle.net/10315/23199,ASC14960,Toronto Telegram||Hallowe'en
23928,http://hdl.handle.net/10315/23200,ASC14961,Toronto Telegram||Hallowe'en
23929,http://hdl.handle.net/10315/23201,ASC14962,Toronto Telegram||Hallowe'en
23930,http://hdl.handle.net/10315/23202,ASC14963,Toronto Telegram||Hallowe'en
23931,http://hdl.handle.net/10315/23203,ASC14964,Toronto Telegram||Hallowe'en
23932,http://hdl.handle.net/10315/23204,ASC14965,Toronto Telegram||Hallowe'en
23933,http://hdl.handle.net/10315/23205,ASC14966,Toronto Telegram||Hallowe'en
23934,http://hdl.handle.net/10315/23206,ASC14967,Toronto Telegram||Hallowe'en
23935,http://hdl.handle.net/10315/23207,ASC14968,Toronto Telegram||Hallowe'en
23936,http://hdl.handle.net/10315/23208,ASC14969,Toronto Telegram||Hallowe'en
23937,http://hdl.handle.net/10315/23209,ASC14970,Toronto Telegram||Hallowe'en
23938,http://hdl.handle.net/10315/23210,ASC14971,Toronto Telegram||Hallowe'en
23939,http://hdl.handle.net/10315/23211,ASC14972,Toronto Telegram||Hallowe'en
23940,http://hdl.handle.net/10315/23212,ASC14973,Toronto Telegram||Hallowe'en
23941,http://hdl.handle.net/10315/23213,ASC14974,Toronto Telegram||Hallowe'en
23942,http://hdl.handle.net/10315/23214,ASC14975,Toronto Telegram||Hallowe'en
23943,http://hdl.handle.net/10315/23215,ASC14976,Toronto Telegram||Hallowe'en
23944,http://hdl.handle.net/10315/23216,ASC14977,Toronto Telegram||Hallowe'en
23945,http://hdl.handle.net/10315/23217,ASC14978,Toronto Telegram||Hallowe'en
23946,http://hdl.handle.net/10315/23218,ASC14979,Toronto Telegram||Hallowe'en
23947,http://hdl.handle.net/10315/23219,ASC14980,Toronto Telegram||Hallowe'en
23948,http://hdl.handle.net/10315/23220,ASC14981,Toronto Telegram||Hallowe'en
23949,http://hdl.handle.net/10315/23221,ASC14982,Toronto Telegram||Hallowe'en
23950,http://hdl.handle.net/10315/23222,ASC14983,Toronto Telegram||Hallowe'en
23951,http://hdl.handle.net/10315/23223,ASC14984,Toronto Telegram||Hallowe'en
23952,http://hdl.handle.net/10315/23224,ASC14985,Toronto Telegram||Hallowe'en
23953,http://hdl.handle.net/10315/23225,ASC14986,Toronto Telegram||Hallowe'en
23954,http://hdl.handle.net/10315/23226,ASC14987,Toronto Telegram||Hallowe'en
23955,http://hdl.handle.net/10315/23227,ASC14988,Toronto Telegram||Hallowe'en
23956,http://hdl.handle.net/10315/23228,ASC14989,Toronto Telegram||Hallowe'en
23957,http://hdl.handle.net/10315/23229,ASC14990,Toronto Telegram||Hallowe'en
23958,http://hdl.handle.net/10315/23230,ASC14991,Toronto Telegram||Hallowe'en
23959,http://hdl.handle.net/10315/23231,ASC14992,Toronto Telegram||Hallowe'en
23960,http://hdl.handle.net/10315/23232,ASC14993,Toronto Telegram||Hallowe'en
23961,http://hdl.handle.net/10315/23233,ASC14994,Toronto Telegram||Hallowe'en
23962,http://hdl.handle.net/10315/23234,ASC14995,Toronto Telegram||Hallowe'en
23963,http://hdl.handle.net/10315/23235,ASC14996,Toronto Telegram||Hallowe'en
23964,http://hdl.handle.net/10315/23236,ASC14997,Toronto Telegram||Hallowe'en
23965,http://hdl.handle.net/10315/23237,ASC14998,Toronto Telegram||Hallowe'en
23966,http://hdl.handle.net/10315/23238,ASC14999,Toronto Telegram||Hairdressing
23967,http://hdl.handle.net/10315/23239,ASC29000,Toronto Telegram||Hairdressing
23968,http://hdl.handle.net/10315/23240,ASC29001,Toronto Telegram||Hairdressing
23969,http://hdl.handle.net/10315/23241,ASC29002,Toronto Telegram||Hairdressing
23970,http://hdl.handle.net/10315/23242,ASC29003,Toronto Telegram||Hairdressing
23971,http://hdl.handle.net/10315/23243,ASC29004,Toronto Telegram||Hairdressing
23972,http://hdl.handle.net/10315/23244,ASC29005,Toronto Telegram||Hairdressing
23973,http://hdl.handle.net/10315/23245,ASC29006,Toronto Telegram||Hairdressing
23974,http://hdl.handle.net/10315/23246,ASC29007,Toronto Telegram||Hairdressing
23975,http://hdl.handle.net/10315/23247,ASC29008,Toronto Telegram||Hairdressing
23976,http://hdl.handle.net/10315/23248,ASC29009,Toronto Telegram||Hairdressing
23977,http://hdl.handle.net/10315/23249,ASC29010,Toronto Telegram||Hairdressing
23978,http://hdl.handle.net/10315/23250,ASC29011,Toronto Telegram||Hairdressing
23979,http://hdl.handle.net/10315/23251,ASC29012,Toronto Telegram||Hairdressing
23980,http://hdl.handle.net/10315/23252,ASC29013,Toronto Telegram||Hairdressing
23981,http://hdl.handle.net/10315/23253,ASC29014,Toronto Telegram||Hairdressing
23982,http://hdl.handle.net/10315/23254,ASC29015,Toronto Telegram||Hairdressing
23983,http://hdl.handle.net/10315/23255,ASC29016,Toronto Telegram||Hairdressing
23984,http://hdl.handle.net/10315/23256,ASC29017,Toronto Telegram||Hairdressing
23985,http://hdl.handle.net/10315/23257,ASC29018,Toronto Telegram||Hairdressing
23986,http://hdl.handle.net/10315/23258,ASC29019,Toronto Telegram||Hairdressing
23987,http://hdl.handle.net/10315/23259,ASC29020,Toronto Telegram||Hairdressing
23988,http://hdl.handle.net/10315/23260,ASC29021,Toronto Telegram||Hallowe'en
23989,http://hdl.handle.net/10315/23261,ASC29022,Toronto Telegram||Hallowe'en
23990,http://hdl.handle.net/10315/23262,ASC29023,Toronto Telegram||Hallowe'en
23991,http://hdl.handle.net/10315/23263,ASC29024,Toronto Telegram||Hallowe'en
23992,http://hdl.handle.net/10315/23264,ASC29025,Toronto Telegram||Hallowe'en
23993,http://hdl.handle.net/10315/23265,ASC29026,Toronto Telegram||Hallowe'en
23994,http://hdl.handle.net/10315/23266,ASC29027,Toronto Telegram||Hallowe'en
23995,http://hdl.handle.net/10315/23267,ASC29028,Toronto Telegram||Hallowe'en
23996,http://hdl.handle.net/10315/23268,ASC29029,Toronto Telegram||Hallowe'en
23997,http://hdl.handle.net/10315/23269,ASC29030,Toronto Telegram||Hallowe'en
23998,http://hdl.handle.net/10315/23270,ASC29031,Toronto Telegram||Hallowe'en
23999,http://hdl.handle.net/10315/23271,ASC29032,Toronto Telegram||Hallowe'en
24000,http://hdl.handle.net/10315/23272,ASC29033,Toronto Telegram||Hallowe'en
24001,http://hdl.handle.net/10315/23273,ASC29034,Toronto Telegram||Hallowe'en
24002,http://hdl.handle.net/10315/23274,ASC29035,Toronto Telegram||Hallowe'en
24003,http://hdl.handle.net/10315/23275,ASC29036,Toronto Telegram||Hallowe'en
24004,http://hdl.handle.net/10315/23276,ASC29037,Toronto Telegram||Hallowe'en
24005,http://hdl.handle.net/10315/23277,ASC29038,Toronto Telegram||Hallowe'en
24006,http://hdl.handle.net/10315/23278,ASC29039,Toronto Telegram||Hallowe'en
24007,http://hdl.handle.net/10315/23279,ASC29040,Toronto Telegram||Hallowe'en
24008,http://hdl.handle.net/10315/23280,ASC29041,Toronto Telegram||Hallowe'en
24009,http://hdl.handle.net/10315/23281,ASC29042,Toronto Telegram||Hallowe'en
24010,http://hdl.handle.net/10315/23282,ASC29043,Toronto Telegram||Hallowe'en
24011,http://hdl.handle.net/10315/23283,ASC29044,Toronto Telegram||Hallowe'en
24012,http://hdl.handle.net/10315/23284,ASC29045,Toronto Telegram||Hallowe'en
24013,http://hdl.handle.net/10315/23285,ASC29046,Toronto Telegram||Hallowe'en
24014,http://hdl.handle.net/10315/23286,ASC29047,Toronto Telegram||Hallowe'en
24015,http://hdl.handle.net/10315/23287,ASC29048,Toronto Telegram||Hallowe'en
24016,http://hdl.handle.net/10315/23288,ASC29049,Toronto Telegram||Hallowe'en
24017,http://hdl.handle.net/10315/23289,ASC29050,Toronto Telegram||Hallowe'en
24018,http://hdl.handle.net/10315/23290,ASC29051,Toronto Telegram||Hallowe'en
24019,http://hdl.handle.net/10315/23291,ASC29052,Toronto Telegram||Hallowe'en
24020,http://hdl.handle.net/10315/23292,ASC29053,Toronto Telegram||Hallowe'en
24021,http://hdl.handle.net/10315/23293,ASC29054,Toronto Telegram||Hallowe'en
24022,http://hdl.handle.net/10315/23294,ASC29055,Toronto Telegram||Hallowe'en
24023,http://hdl.handle.net/10315/23295,ASC29056,Toronto Telegram||Hallowe'en
24024,http://hdl.handle.net/10315/23296,ASC29057,Toronto Telegram||Hallowe'en
24025,http://hdl.handle.net/10315/23297,ASC29058,Toronto Telegram||Hallowe'en
24026,http://hdl.handle.net/10315/23298,ASC29059,Toronto Telegram||Hallowe'en
24027,http://hdl.handle.net/10315/23299,ASC29060,Toronto Telegram||Hallowe'en
24028,http://hdl.handle.net/10315/23300,ASC29061,Toronto Telegram||Hallowe'en
24029,http://hdl.handle.net/10315/23301,ASC29062,Toronto Telegram||Hallowe'en
24030,http://hdl.handle.net/10315/23302,ASC29063,Toronto Telegram||Hallowe'en
24031,http://hdl.handle.net/10315/23303,ASC29064,Toronto Telegram||Hallowe'en
24032,http://hdl.handle.net/10315/23304,ASC29065,Toronto Telegram||Hallowe'en
24033,http://hdl.handle.net/10315/23305,ASC29066,Toronto Telegram||Hallowe'en
24034,http://hdl.handle.net/10315/23306,ASC29067,Toronto Telegram||Hallowe'en
24035,http://hdl.handle.net/10315/23307,ASC29068,Toronto Telegram||Hallowe'en
24036,http://hdl.handle.net/10315/23308,ASC29069,Toronto Telegram||Hallowe'en
24037,http://hdl.handle.net/10315/23309,ASC29070,Toronto Telegram||Hallowe'en
24038,http://hdl.handle.net/10315/23310,ASC29071,Toronto Telegram||Hallowe'en
24039,http://hdl.handle.net/10315/23311,ASC29072,Toronto Telegram||Hallowe'en
24040,http://hdl.handle.net/10315/23312,ASC29073,Toronto Telegram||Hallowe'en
24041,http://hdl.handle.net/10315/23313,ASC29074,Toronto Telegram||Hallowe'en
24042,http://hdl.handle.net/10315/23314,ASC29075,Toronto Telegram||Hallowe'en
24043,http://hdl.handle.net/10315/23315,ASC29076,Toronto Telegram||Hallowe'en
24044,http://hdl.handle.net/10315/23316,ASC29077,Toronto Telegram||Hallowe'en
24045,http://hdl.handle.net/10315/23317,ASC29078,Toronto Telegram||Hallowe'en
24046,http://hdl.handle.net/10315/23318,ASC29079,Toronto Telegram||Hallowe'en
24047,http://hdl.handle.net/10315/23319,ASC29080,Toronto Telegram||Hallowe'en
24048,http://hdl.handle.net/10315/23320,ASC29081,Toronto Telegram||Hallowe'en
24049,http://hdl.handle.net/10315/23321,ASC29082,Toronto Telegram||Hallowe'en
24050,http://hdl.handle.net/10315/23322,ASC29083,Toronto Telegram||Hallowe'en
24051,http://hdl.handle.net/10315/23323,ASC29084,Toronto Telegram||Hallowe'en
24052,http://hdl.handle.net/10315/23324,ASC29085,Toronto Telegram||Hallowe'en
24053,http://hdl.handle.net/10315/23325,ASC29086,Toronto Telegram||Hallowe'en
24054,http://hdl.handle.net/10315/23326,ASC29087,Toronto Telegram||Hallowe'en
24055,http://hdl.handle.net/10315/23327,ASC29088,Toronto Telegram||Hallowe'en
24056,http://hdl.handle.net/10315/23328,ASC29089,Toronto Telegram||Hallowe'en
24057,http://hdl.handle.net/10315/23329,ASC29090,Toronto Telegram||Hallowe'en
24058,http://hdl.handle.net/10315/23330,ASC29091,Toronto Telegram||Hallowe'en
24059,http://hdl.handle.net/10315/23331,ASC29092,Toronto Telegram||Hallowe'en
24060,http://hdl.handle.net/10315/23332,ASC29093,Toronto Telegram||Hallowe'en
24061,http://hdl.handle.net/10315/23333,ASC29094,Toronto Telegram||Hallowe'en
24062,http://hdl.handle.net/10315/23334,ASC29095,Toronto Telegram||Hallowe'en
24063,http://hdl.handle.net/10315/23335,ASC29096,Toronto Telegram||Hallowe'en
24064,http://hdl.handle.net/10315/23336,ASC29097,Toronto Telegram||Hallowe'en
24065,http://hdl.handle.net/10315/23337,ASC29098,Toronto Telegram||Hallowe'en
24066,http://hdl.handle.net/10315/23338,ASC29099,Toronto Telegram||Hallowe'en
24067,http://hdl.handle.net/10315/23339,ASC29100,Toronto Telegram||Hallowe'en
24068,http://hdl.handle.net/10315/23340,ASC29101,Toronto Telegram||Hallowe'en
24069,http://hdl.handle.net/10315/23341,ASC29102,Toronto Telegram||Hallowe'en
24070,http://hdl.handle.net/10315/23342,ASC29103,Toronto Telegram||Hallowe'en
24071,http://hdl.handle.net/10315/23343,ASC29141,Toronto Telegram||Haliburton||Banks
24072,http://hdl.handle.net/10315/23344,ASC29142,Toronto Telegram||Haliburton||Banks
24073,http://hdl.handle.net/10315/23345,ASC29143,Toronto Telegram||Haliburton||Banks
24074,http://hdl.handle.net/10315/23346,ASC29144,Toronto Telegram||Haliburton||Banks
24075,http://hdl.handle.net/10315/23347,ASC29145,Toronto Telegram||Haliburton||Banks
24076,http://hdl.handle.net/10315/23348,ASC29146,Toronto Telegram||Haliburton||Banks
24077,http://hdl.handle.net/10315/23349,ASC29147,Toronto Telegram||Haliburton||Banks
24078,http://hdl.handle.net/10315/23350,ASC29148,Toronto Telegram||Haliburton||Banks
24079,http://hdl.handle.net/10315/23351,ASC29149,Toronto Telegram||Haliburton||Banks
24080,http://hdl.handle.net/10315/23352,ASC29150,Toronto Telegram||Haliburton||Banks
24081,http://hdl.handle.net/10315/23353,ASC29151,Toronto Telegram||Haliburton||Banks
24082,http://hdl.handle.net/10315/23354,ASC29152,Toronto Telegram||Haliburton||Banks
24083,http://hdl.handle.net/10315/23355,ASC29153,Toronto Telegram||Haliburton||Banks
24084,http://hdl.handle.net/10315/23356,ASC29154,Toronto Telegram||Haliburton||Banks
24085,http://hdl.handle.net/10315/23357,ASC29155,Toronto Telegram||Haliburton||Banks
24086,http://hdl.handle.net/10315/23358,ASC29156,Toronto Telegram||Haliburton
24087,http://hdl.handle.net/10315/23359,ASC29157,Toronto Telegram||Haliburton
24088,http://hdl.handle.net/10315/23360,ASC29158,Toronto Telegram||Haliburton
24089,http://hdl.handle.net/10315/23361,ASC29159,Toronto Telegram||Haliburton
24090,http://hdl.handle.net/10315/23362,ASC29160,Toronto Telegram||Haliburton
24091,http://hdl.handle.net/10315/23363,ASC29161,Toronto Telegram||Haliburton
24092,http://hdl.handle.net/10315/23364,ASC29162,Toronto Telegram||Haliburton
24093,http://hdl.handle.net/10315/23365,ASC29163,Toronto Telegram||Haliburton
24094,http://hdl.handle.net/10315/23366,ASC29164,Toronto Telegram||Haliburton
24095,http://hdl.handle.net/10315/23367,ASC29165,Toronto Telegram||Haliburton
24096,http://hdl.handle.net/10315/23368,ASC29166,Toronto Telegram||Haliburton
24097,http://hdl.handle.net/10315/23369,ASC29167,Toronto Telegram||Haliburton
24098,http://hdl.handle.net/10315/23370,ASC29168,Toronto Telegram||Haliburton
24099,http://hdl.handle.net/10315/23371,ASC29169,Toronto Telegram||Haliburton
24100,http://hdl.handle.net/10315/23372,ASC29170,Toronto Telegram||Haliburton
24101,http://hdl.handle.net/10315/23373,ASC29172,Toronto Telegram||Haliburton
24102,http://hdl.handle.net/10315/23374,ASC29173,Toronto Telegram||Haliburton
24103,http://hdl.handle.net/10315/23375,ASC29174,Toronto Telegram||Haliburton
24104,http://hdl.handle.net/10315/23376,ASC29175,Toronto Telegram||Haliburton
24105,http://hdl.handle.net/10315/23377,ASC29176,Toronto Telegram||Haliburton
24106,http://hdl.handle.net/10315/23378,ASC29177,Toronto Telegram||Haliburton
24107,http://hdl.handle.net/10315/23379,ASC29178,Toronto Telegram||Haliburton
24108,http://hdl.handle.net/10315/23380,ASC29179,Toronto Telegram||Haliburton
24109,http://hdl.handle.net/10315/23381,ASC29180,Toronto Telegram||Haliburton
24110,http://hdl.handle.net/10315/23382,ASC29181,Toronto Telegram||Haliburton
24111,http://hdl.handle.net/10315/23383,ASC29182,Toronto Telegram||Haliburton
24112,http://hdl.handle.net/10315/23384,ASC29183,Toronto Telegram||Haliburton
24113,http://hdl.handle.net/10315/23385,ASC29184,Toronto Telegram||Haliburton
24114,http://hdl.handle.net/10315/23386,ASC29185,Toronto Telegram||Haliburton
24115,http://hdl.handle.net/10315/23387,ASC29186,Toronto Telegram||Haliburton
24116,http://hdl.handle.net/10315/23388,ASC29187,Toronto Telegram||Haliburton
24117,http://hdl.handle.net/10315/23389,ASC29188,Toronto Telegram||Haliburton
24118,http://hdl.handle.net/10315/23390,ASC29189,Toronto Telegram||Haliburton
24119,http://hdl.handle.net/10315/23391,ASC29190,Toronto Telegram||Haliburton
24120,http://hdl.handle.net/10315/23392,ASC29191,Toronto Telegram||Haliburton
24121,http://hdl.handle.net/10315/23393,ASC29192,Toronto Telegram||Haliburton
24122,http://hdl.handle.net/10315/23394,ASC29193,Toronto Telegram||Haliburton
24123,http://hdl.handle.net/10315/23395,ASC29194,Toronto Telegram||Haliburton
24124,http://hdl.handle.net/10315/23396,ASC29195,Toronto Telegram||Haliburton
24125,http://hdl.handle.net/10315/23397,ASC29196,Toronto Telegram||Haliburton
24126,http://hdl.handle.net/10315/23398,ASC29197,Toronto Telegram||Haliburton
24127,http://hdl.handle.net/10315/23399,ASC29198,Toronto Telegram||Haliburton
24128,http://hdl.handle.net/10315/23400,ASC29199,Toronto Telegram||Haliburton
24129,http://hdl.handle.net/10315/23401,ASC29200,Toronto Telegram||Haliburton
24130,http://hdl.handle.net/10315/23402,ASC29201,Toronto Telegram||Haliburton
24131,http://hdl.handle.net/10315/23403,ASC29202,Toronto Telegram||Haliburton
24132,http://hdl.handle.net/10315/23404,ASC29203,Toronto Telegram||Haliburton
24133,http://hdl.handle.net/10315/23405,ASC29204,Toronto Telegram||Haliburton
24134,http://hdl.handle.net/10315/23406,ASC29205,Toronto Telegram||Haliburton
24135,http://hdl.handle.net/10315/23407,ASC29206,Toronto Telegram||Haliburton
24136,http://hdl.handle.net/10315/23408,ASC29207,Toronto Telegram||Haliburton
24137,http://hdl.handle.net/10315/23409,ASC29208,Toronto Telegram||Haliburton
24138,http://hdl.handle.net/10315/23410,ASC29209,Toronto Telegram||Haliburton
24139,http://hdl.handle.net/10315/23411,ASC29210,Toronto Telegram||Café
24140,http://hdl.handle.net/10315/23412,ASC29211,Toronto Telegram||Café
24141,http://hdl.handle.net/10315/23413,ASC29212,Toronto Telegram||Café
24142,http://hdl.handle.net/10315/23414,ASC29213,Toronto Telegram||Café
24143,http://hdl.handle.net/10315/23415,ASC29214,Toronto Telegram||Café
24144,http://hdl.handle.net/10315/23416,ASC29215,Toronto Telegram||Café
24145,http://hdl.handle.net/10315/23417,ASC29216,Toronto Telegram||Half Moon Bay
24146,http://hdl.handle.net/10315/23418,ASC29217,Toronto Telegram||Half Moon Bay
24147,http://hdl.handle.net/10315/23419,ASC29218,Toronto Telegram||Half Moon Bay
24148,http://hdl.handle.net/10315/23420,ASC29219,Toronto Telegram||Half Moon Bay
24149,http://hdl.handle.net/10315/23421,ASC29220,Toronto Telegram||Half Moon Bay
24150,http://hdl.handle.net/10315/23422,ASC29221,Toronto Telegram||Half Moon Bay
24151,http://hdl.handle.net/10315/23423,ASC29222,Toronto Telegram||Half Moon Bay
24152,http://hdl.handle.net/10315/23424,ASC29223,Toronto Telegram||Half Moon Bay
24153,http://hdl.handle.net/10315/23425,ASC29224,Toronto Telegram||Half Moon Bay
24154,http://hdl.handle.net/10315/23426,ASC29225,Toronto Telegram||Half Moon Bay
24155,http://hdl.handle.net/10315/23427,ASC29226,Toronto Telegram||Half Moon Bay
24156,http://hdl.handle.net/10315/23428,ASC29227,Toronto Telegram||Half Moon Bay
24157,http://hdl.handle.net/10315/23429,ASC29228,Toronto Telegram||Hamilton
24158,http://hdl.handle.net/10315/23430,ASC29229,Toronto Telegram||Hamilton
24159,http://hdl.handle.net/10315/23431,ASC29230,Toronto Telegram||Hamilton
24160,http://hdl.handle.net/10315/23432,ASC29231,Toronto Telegram||Hamilton
24161,http://hdl.handle.net/10315/23433,ASC29232,Toronto Telegram||Hamilton
24162,http://hdl.handle.net/10315/23434,ASC29233,Toronto Telegram||Hamilton
24163,http://hdl.handle.net/10315/23435,ASC29234,Toronto Telegram||Hamilton
24164,http://hdl.handle.net/10315/23436,ASC29235,Toronto Telegram||Hamilton
24165,http://hdl.handle.net/10315/23437,ASC29236,Toronto Telegram||Hamilton
24166,http://hdl.handle.net/10315/23438,ASC29237,Toronto Telegram||Hamilton
24167,http://hdl.handle.net/10315/23439,ASC29238,Toronto Telegram||Hamilton
24168,http://hdl.handle.net/10315/23440,ASC29251,Toronto Telegram||Hamilton||McMaster University
24169,http://hdl.handle.net/10315/23441,ASC29252,Toronto Telegram||Hamilton||McMaster University
24170,http://hdl.handle.net/10315/23442,ASC29253,Toronto Telegram||Hamilton||McMaster University
24171,http://hdl.handle.net/10315/23443,ASC29254,Toronto Telegram||Hamilton||McMaster University
24172,http://hdl.handle.net/10315/23444,ASC29255,Toronto Telegram||Hamilton||McMaster University
24173,http://hdl.handle.net/10315/23445,ASC29256,Toronto Telegram||Hamilton||McMaster University
24174,http://hdl.handle.net/10315/23446,ASC29257,Toronto Telegram||Hamilton||McMaster University
24175,http://hdl.handle.net/10315/23447,ASC29258,Toronto Telegram||Hamilton||McMaster University
24176,http://hdl.handle.net/10315/23448,ASC29259,Toronto Telegram||Hamilton
24177,http://hdl.handle.net/10315/23449,ASC29260,Toronto Telegram||Hamilton
24178,http://hdl.handle.net/10315/23450,ASC29261,Toronto Telegram||Hamilton
24179,http://hdl.handle.net/10315/23451,ASC29262,Toronto Telegram||Hamilton
24180,http://hdl.handle.net/10315/23452,ASC29263,Toronto Telegram||Hamilton
24181,http://hdl.handle.net/10315/23453,ASC29264,Toronto Telegram||Hamilton
24182,http://hdl.handle.net/10315/23454,ASC29265,Toronto Telegram||Hamilton
24183,http://hdl.handle.net/10315/23455,ASC29266,Toronto Telegram||Hamilton
24184,http://hdl.handle.net/10315/23456,ASC29267,Toronto Telegram||Hamilton
24185,http://hdl.handle.net/10315/23457,ASC29268,Toronto Telegram||Hamilton
24186,http://hdl.handle.net/10315/23458,ASC29269,Toronto Telegram||Hamilton
24187,http://hdl.handle.net/10315/23459,ASC29270,Toronto Telegram||Hamilton
24188,http://hdl.handle.net/10315/23460,ASC29271,Toronto Telegram||Hamilton
24189,http://hdl.handle.net/10315/23461,ASC29272,Toronto Telegram||Hamilton
24190,http://hdl.handle.net/10315/23462,ASC29273,Toronto Telegram||Hamilton
24191,http://hdl.handle.net/10315/23463,ASC29274,Toronto Telegram||Hamilton
24192,http://hdl.handle.net/10315/23464,ASC29275,Toronto Telegram||Hamilton
24193,http://hdl.handle.net/10315/23465,ASC29276,Toronto Telegram||Hamilton
24194,http://hdl.handle.net/10315/23466,ASC29277,Toronto Telegram||Hamilton
24195,http://hdl.handle.net/10315/23467,ASC29278,Toronto Telegram||Hamilton
24196,http://hdl.handle.net/10315/23468,ASC29279,Toronto Telegram||Hamilton
24197,http://hdl.handle.net/10315/23469,ASC29280,Toronto Telegram||Hamilton
24198,http://hdl.handle.net/10315/23470,ASC29281,Toronto Telegram||Hamilton
24199,http://hdl.handle.net/10315/23471,ASC29282,Toronto Telegram||Hamilton
24200,http://hdl.handle.net/10315/23472,ASC29283,Toronto Telegram||Hamilton
24201,http://hdl.handle.net/10315/23473,ASC29284,Toronto Telegram||Hamilton
24202,http://hdl.handle.net/10315/23474,ASC29285,Toronto Telegram||Hamilton
24203,http://hdl.handle.net/10315/23475,ASC29286,Toronto Telegram||Hamilton
24204,http://hdl.handle.net/10315/23476,ASC29287,Toronto Telegram||Hamilton
24205,http://hdl.handle.net/10315/23477,ASC29288,Toronto Telegram||Hamilton
24206,http://hdl.handle.net/10315/23478,ASC29289,Toronto Telegram||Hamilton
24207,http://hdl.handle.net/10315/23479,ASC29290,Toronto Telegram||Hamilton
24208,http://hdl.handle.net/10315/23480,ASC29291,Toronto Telegram||Hamilton
24209,http://hdl.handle.net/10315/23481,ASC29292,Toronto Telegram||Hamilton
24210,http://hdl.handle.net/10315/23482,ASC29293,Toronto Telegram||Hamilton
24211,http://hdl.handle.net/10315/23483,ASC29294,Toronto Telegram||Hamilton
24212,http://hdl.handle.net/10315/23484,ASC29295,Toronto Telegram||Hamilton
24213,http://hdl.handle.net/10315/23485,ASC29296,Toronto Telegram||Hamilton
24214,http://hdl.handle.net/10315/23486,ASC29297,Toronto Telegram||Hamilton
24215,http://hdl.handle.net/10315/23487,ASC29298,Toronto Telegram||Hamilton
24216,http://hdl.handle.net/10315/23488,ASC29299,Toronto Telegram||Hamilton
24217,http://hdl.handle.net/10315/23489,ASC29300,Toronto Telegram||Hamilton
24218,http://hdl.handle.net/10315/23490,ASC29301,Toronto Telegram||Hamilton
24219,http://hdl.handle.net/10315/23491,ASC29302,Toronto Telegram||Hamilton
24220,http://hdl.handle.net/10315/23492,ASC29303,Toronto Telegram||Hallowe'en
24221,http://hdl.handle.net/10315/23493,ASC29304,Toronto Telegram||Hallowe'en
24222,http://hdl.handle.net/10315/23494,ASC29305,Toronto Telegram||Hallowe'en
24223,http://hdl.handle.net/10315/23495,ASC29306,Toronto Telegram||Hallowe'en
24224,http://hdl.handle.net/10315/23496,ASC29307,Toronto Telegram||Hallowe'en
24225,http://hdl.handle.net/10315/23497,ASC29308,Toronto Telegram||Hallowe'en
24226,http://hdl.handle.net/10315/23498,ASC29309,Toronto Telegram||Hallowe'en
24227,http://hdl.handle.net/10315/23499,ASC29310,Toronto Telegram||Hallowe'en
24228,http://hdl.handle.net/10315/23500,ASC29311,Toronto Telegram||Hallowe'en
24229,http://hdl.handle.net/10315/23501,ASC29312,Toronto Telegram||Hallowe'en
24230,http://hdl.handle.net/10315/23502,ASC29313,Toronto Telegram||Hallowe'en
24231,http://hdl.handle.net/10315/23503,ASC29314,Toronto Telegram||Hallowe'en
24232,http://hdl.handle.net/10315/23504,ASC29315,Toronto Telegram||Hallowe'en
24233,http://hdl.handle.net/10315/23505,ASC29316,Toronto Telegram||Hallowe'en
24234,http://hdl.handle.net/10315/23506,ASC29317,Toronto Telegram||Hallowe'en
24235,http://hdl.handle.net/10315/23507,ASC29318,Toronto Telegram||Hallowe'en
24236,http://hdl.handle.net/10315/23508,ASC29319,Toronto Telegram||Hallowe'en
24237,http://hdl.handle.net/10315/23509,ASC29320,Toronto Telegram||Hallowe'en
24238,http://hdl.handle.net/10315/23510,ASC29321,Toronto Telegram||Hallowe'en
24239,http://hdl.handle.net/10315/23511,ASC29322,Toronto Telegram||Hallowe'en
24240,http://hdl.handle.net/10315/23512,ASC29323,Toronto Telegram||Hallowe'en
24241,http://hdl.handle.net/10315/23513,ASC29324,Toronto Telegram||Hallowe'en
24242,http://hdl.handle.net/10315/23514,ASC29325,Toronto Telegram||Hallowe'en
24243,http://hdl.handle.net/10315/23515,ASC29326,Toronto Telegram||Hallowe'en
24244,http://hdl.handle.net/10315/23516,ASC29327,Toronto Telegram||Hallowe'en
24245,http://hdl.handle.net/10315/23517,ASC29330,Toronto Telegram||Hamilton
24246,http://hdl.handle.net/10315/23518,ASC29331,Toronto Telegram||Hamilton
24247,http://hdl.handle.net/10315/23519,ASC29332,Toronto Telegram||Hamilton
24248,http://hdl.handle.net/10315/23520,ASC29333,Toronto Telegram||Hamilton
24249,http://hdl.handle.net/10315/23521,ASC29334,Toronto Telegram||Hamilton
24250,http://hdl.handle.net/10315/23522,ASC29335,Toronto Telegram||Hamilton
24251,http://hdl.handle.net/10315/23523,ASC29336,Toronto Telegram||Hamilton
24252,http://hdl.handle.net/10315/23524,ASC29337,Toronto Telegram||Hamilton
24253,http://hdl.handle.net/10315/23525,ASC29338,Toronto Telegram||Hamilton
24254,http://hdl.handle.net/10315/23526,ASC29339,Toronto Telegram||Hamilton
24255,http://hdl.handle.net/10315/23527,ASC29340,Toronto Telegram||Hamilton
24256,http://hdl.handle.net/10315/23528,ASC29341,Toronto Telegram||Hamilton
24257,http://hdl.handle.net/10315/23529,ASC29342,Toronto Telegram||Hamilton
24258,http://hdl.handle.net/10315/23530,ASC29343,Toronto Telegram||Hamilton
24259,http://hdl.handle.net/10315/23531,ASC29344,Toronto Telegram||Hallowe'en
24260,http://hdl.handle.net/10315/23532,ASC29345,Toronto Telegram||Hallowe'en
24261,http://hdl.handle.net/10315/23533,ASC29346,Toronto Telegram||Hallowe'en
24262,http://hdl.handle.net/10315/23534,ASC29347,Toronto Telegram||Hallowe'en
24263,http://hdl.handle.net/10315/23535,ASC29348,Toronto Telegram||Hallowe'en
24264,http://hdl.handle.net/10315/23536,ASC29349,Toronto Telegram||Hallowe'en
24265,http://hdl.handle.net/10315/23537,ASC29350,Toronto Telegram||Hallowe'en
24266,http://hdl.handle.net/10315/23538,ASC29351,Toronto Telegram||Hallowe'en
24267,http://hdl.handle.net/10315/23539,ASC29352,Toronto Telegram||Hallowe'en
24268,http://hdl.handle.net/10315/23540,ASC29353,Toronto Telegram||Hallowe'en
24269,http://hdl.handle.net/10315/23541,ASC29354,Toronto Telegram||Hallowe'en
24270,http://hdl.handle.net/10315/23542,ASC29355,Toronto Telegram||Hallowe'en
24271,http://hdl.handle.net/10315/23543,ASC29356,Toronto Telegram||Hallowe'en
24272,http://hdl.handle.net/10315/23544,ASC29357,Toronto Telegram||Hallowe'en
24273,http://hdl.handle.net/10315/23545,ASC29358,Toronto Telegram||Hallowe'en
24274,http://hdl.handle.net/10315/23546,ASC29359,Toronto Telegram||Hallowe'en
24275,http://hdl.handle.net/10315/23547,ASC29360,Toronto Telegram||Hallowe'en
24276,http://hdl.handle.net/10315/23548,ASC29361,Toronto Telegram||Hallowe'en
24277,http://hdl.handle.net/10315/23549,ASC29362,Toronto Telegram||Hallowe'en
24278,http://hdl.handle.net/10315/23550,ASC29363,Toronto Telegram||Hallowe'en
24279,http://hdl.handle.net/10315/23551,ASC29364,Toronto Telegram||Hallowe'en
24280,http://hdl.handle.net/10315/23552,ASC29365,Toronto Telegram||Hallowe'en
24281,http://hdl.handle.net/10315/23553,ASC29366,Toronto Telegram||Hallowe'en
24282,http://hdl.handle.net/10315/23554,ASC29367,Toronto Telegram||Hallowe'en
24283,http://hdl.handle.net/10315/23555,ASC29368,Toronto Telegram||Hallowe'en
24284,http://hdl.handle.net/10315/23556,ASC29369,Toronto Telegram||Hallowe'en
24285,http://hdl.handle.net/10315/23557,ASC29370,Toronto Telegram||Hallowe'en
24286,http://hdl.handle.net/10315/23558,ASC29371,Toronto Telegram||Hallowe'en
24287,http://hdl.handle.net/10315/23559,ASC29372,Toronto Telegram||Hallowe'en
24288,http://hdl.handle.net/10315/23560,ASC29373,Toronto Telegram||Hallowe'en
24289,http://hdl.handle.net/10315/23561,ASC29374,Toronto Telegram||Hallowe'en
24290,http://hdl.handle.net/10315/23562,ASC29375,Toronto Telegram||Hallowe'en
24291,http://hdl.handle.net/10315/23563,ASC29376,Toronto Telegram||Hallowe'en
24292,http://hdl.handle.net/10315/23564,ASC29377,Toronto Telegram||Hallowe'en
24293,http://hdl.handle.net/10315/23565,ASC29378,Toronto Telegram||Hallowe'en
24294,http://hdl.handle.net/10315/23566,ASC29379,Toronto Telegram||Hallowe'en
24295,http://hdl.handle.net/10315/23567,ASC29380,Toronto Telegram||Hallowe'en
24296,http://hdl.handle.net/10315/23568,ASC29381,Toronto Telegram||Hamilton
24297,http://hdl.handle.net/10315/23569,ASC29382,Toronto Telegram||Hamilton
24298,http://hdl.handle.net/10315/23570,ASC29383,Toronto Telegram||Hamilton
24299,http://hdl.handle.net/10315/23571,ASC29384,Toronto Telegram||Hamilton
24300,http://hdl.handle.net/10315/23572,ASC29385,Toronto Telegram||Hamilton
24301,http://hdl.handle.net/10315/23573,ASC29386,Toronto Telegram||Hamilton
24302,http://hdl.handle.net/10315/23574,ASC29387,Toronto Telegram||Hamilton
24303,http://hdl.handle.net/10315/23575,ASC29388,Toronto Telegram||Hamilton
24304,http://hdl.handle.net/10315/23576,ASC29389,Toronto Telegram||Hamilton
24305,http://hdl.handle.net/10315/23577,ASC29390,Toronto Telegram||Hamilton
24306,http://hdl.handle.net/10315/23578,ASC29391,Toronto Telegram||Hallowe'en
24307,http://hdl.handle.net/10315/23579,ASC29392,Toronto Telegram||Hallowe'en
24308,http://hdl.handle.net/10315/23580,ASC29393,Toronto Telegram||Hallowe'en
24309,http://hdl.handle.net/10315/23581,ASC29394,Toronto Telegram||Hallowe'en
24310,http://hdl.handle.net/10315/23582,ASC29395,Toronto Telegram||Hallowe'en
24311,http://hdl.handle.net/10315/23583,ASC29396,Toronto Telegram||Hallowe'en
24312,http://hdl.handle.net/10315/23584,ASC29397,Toronto Telegram||Hallowe'en
24313,http://hdl.handle.net/10315/23585,ASC29398,Toronto Telegram||Hallowe'en
24314,http://hdl.handle.net/10315/23586,ASC29399,Toronto Telegram||Hallowe'en
24315,http://hdl.handle.net/10315/23587,ASC29400,Toronto Telegram||Hallowe'en
24316,http://hdl.handle.net/10315/23588,ASC29401,Toronto Telegram||Hallowe'en
24317,http://hdl.handle.net/10315/23589,ASC29402,Toronto Telegram||Hallowe'en
24318,http://hdl.handle.net/10315/23590,ASC29403,Toronto Telegram||Hallowe'en
24319,http://hdl.handle.net/10315/23591,ASC29404,Toronto Telegram||Hallowe'en
24320,http://hdl.handle.net/10315/23592,ASC29405,Toronto Telegram||Hallowe'en
24321,http://hdl.handle.net/10315/23593,ASC29406,Toronto Telegram||Hallowe'en
24322,http://hdl.handle.net/10315/23594,ASC29407,Toronto Telegram||Hallowe'en
24323,http://hdl.handle.net/10315/23595,ASC29408,Toronto Telegram||Hamilton
24324,http://hdl.handle.net/10315/23596,ASC29409,Toronto Telegram||Hamilton
24325,http://hdl.handle.net/10315/23597,ASC29410,Toronto Telegram||Hamilton
24326,http://hdl.handle.net/10315/23598,ASC29411,Toronto Telegram||Hamilton
24327,http://hdl.handle.net/10315/23599,ASC29412,Toronto Telegram||Hamilton
24328,http://hdl.handle.net/10315/23600,ASC29413,Toronto Telegram||Hamilton
24329,http://hdl.handle.net/10315/23601,ASC29414,Toronto Telegram||Hamilton
24330,http://hdl.handle.net/10315/23602,ASC29415,Toronto Telegram||Hamilton
24331,http://hdl.handle.net/10315/23603,ASC29416,Toronto Telegram||Hallowe'en
24332,http://hdl.handle.net/10315/23604,ASC29417,Toronto Telegram||Hallowe'en
24333,http://hdl.handle.net/10315/23605,ASC29418,Toronto Telegram||Hallowe'en
24334,http://hdl.handle.net/10315/23606,ASC29419,Toronto Telegram||Hallowe'en
24335,http://hdl.handle.net/10315/23607,ASC29420,Toronto Telegram||Hallowe'en
24336,http://hdl.handle.net/10315/23608,ASC29421,Toronto Telegram||Hallowe'en
24337,http://hdl.handle.net/10315/23609,ASC29422,Toronto Telegram||Hallowe'en
24338,http://hdl.handle.net/10315/23610,ASC29423,Toronto Telegram||Hallowe'en
24339,http://hdl.handle.net/10315/23611,ASC29424,Toronto Telegram||Hallowe'en
24340,http://hdl.handle.net/10315/23612,ASC29425,Toronto Telegram||Hallowe'en
24341,http://hdl.handle.net/10315/23613,ASC29426,Toronto Telegram||Hallowe'en
24342,http://hdl.handle.net/10315/23614,ASC29428,Toronto Telegram||Hallowe'en
24343,http://hdl.handle.net/10315/23615,ASC29429,Toronto Telegram||Hallowe'en
24344,http://hdl.handle.net/10315/23616,ASC29453,Toronto Telegram||Hallowe'en
24345,http://hdl.handle.net/10315/23617,ASC29454,Toronto Telegram||Hallowe'en
24346,http://hdl.handle.net/10315/23618,ASC29455,Toronto Telegram||Hallowe'en
24347,http://hdl.handle.net/10315/23619,ASC29456,Toronto Telegram||Hallowe'en
24348,http://hdl.handle.net/10315/23620,ASC29457,Toronto Telegram||Hallowe'en
24349,http://hdl.handle.net/10315/23621,ASC29458,Toronto Telegram||Hallowe'en
24350,http://hdl.handle.net/10315/23622,ASC29459,Toronto Telegram||Hallowe'en
24351,http://hdl.handle.net/10315/23623,ASC29460,Toronto Telegram||Hallowe'en
24352,http://hdl.handle.net/10315/23624,ASC29461,Toronto Telegram||Hallowe'en
24353,http://hdl.handle.net/10315/23625,ASC29462,Toronto Telegram||Hallowe'en
24354,http://hdl.handle.net/10315/23626,ASC29463,Toronto Telegram||Hallowe'en
24355,http://hdl.handle.net/10315/23627,ASC29464,Toronto Telegram||Hallowe'en
24356,http://hdl.handle.net/10315/23628,ASC29465,Toronto Telegram||Hallowe'en
24357,http://hdl.handle.net/10315/23629,ASC29466,Toronto Telegram||Hallowe'en
24358,http://hdl.handle.net/10315/23630,ASC29467,Toronto Telegram||Hallowe'en
24359,http://hdl.handle.net/10315/23631,ASC29468,Toronto Telegram||Hallowe'en
24360,http://hdl.handle.net/10315/23632,ASC29469,Toronto Telegram||Hallowe'en
24361,http://hdl.handle.net/10315/23633,ASC29470,Toronto Telegram||Hallowe'en
24362,http://hdl.handle.net/10315/23634,ASC29471,Toronto Telegram||Hallowe'en
24363,http://hdl.handle.net/10315/23635,ASC29472,Toronto Telegram||Hallowe'en
24364,http://hdl.handle.net/10315/23636,ASC29473,Toronto Telegram||Hallowe'en
24365,http://hdl.handle.net/10315/23637,ASC29474,Toronto Telegram||Hallowe'en
24366,http://hdl.handle.net/10315/23638,ASC29475,Toronto Telegram||Hallowe'en
24367,http://hdl.handle.net/10315/23639,ASC29476,Toronto Telegram||Hallowe'en
24368,http://hdl.handle.net/10315/23640,ASC29477,Toronto Telegram||Hallowe'en
24369,http://hdl.handle.net/10315/23641,ASC29478,Toronto Telegram||Hallowe'en
24370,http://hdl.handle.net/10315/23642,ASC29479,Toronto Telegram||Hallowe'en
24371,http://hdl.handle.net/10315/23643,ASC29480,Toronto Telegram||Hallowe'en
24372,http://hdl.handle.net/10315/23644,ASC29481,Toronto Telegram||Hallowe'en
24373,http://hdl.handle.net/10315/23645,ASC29482,Toronto Telegram||Hallowe'en
24374,http://hdl.handle.net/10315/23646,ASC29483,Toronto Telegram||Hallowe'en
24375,http://hdl.handle.net/10315/23647,ASC29484,Toronto Telegram||Hallowe'en
24376,http://hdl.handle.net/10315/23648,ASC29485,Toronto Telegram||Hallowe'en
24377,http://hdl.handle.net/10315/23649,ASC29486,Toronto Telegram||Hallowe'en
24378,http://hdl.handle.net/10315/23650,ASC29487,Toronto Telegram||Hallowe'en
24379,http://hdl.handle.net/10315/23651,ASC29488,Toronto Telegram||Hallowe'en
24380,http://hdl.handle.net/10315/23652,ASC29489,Toronto Telegram||Hallowe'en
24381,http://hdl.handle.net/10315/23653,ASC29490,Toronto Telegram||Hallowe'en
24382,http://hdl.handle.net/10315/23654,ASC29491,Toronto Telegram||Hallowe'en
24383,http://hdl.handle.net/10315/23655,ASC29492,Toronto Telegram||Hallowe'en
24384,http://hdl.handle.net/10315/23656,ASC29493,Toronto Telegram||Hallowe'en
24385,http://hdl.handle.net/10315/23657,ASC29504,Toronto Telegram||Halton County
24386,http://hdl.handle.net/10315/23658,ASC29505,Toronto Telegram||Halton County
24387,http://hdl.handle.net/10315/23659,ASC29506,Toronto Telegram||Halton County
24388,http://hdl.handle.net/10315/23660,ASC29507,Toronto Telegram||Halton County
24389,http://hdl.handle.net/10315/23661,ASC29508,Toronto Telegram||Halton County
24390,http://hdl.handle.net/10315/23662,ASC29509,Toronto Telegram||Hamilton
24391,http://hdl.handle.net/10315/23663,ASC29510,Toronto Telegram||Hamilton
